epoch,train_loss
0,0.68712
1,0.41981
