epoch,train_loss
0,0.68726
1,0.41975
