epoch,train_loss
0,0.62357
1,0.36361
