epoch,train_loss
0,0.62366
1,0.36414
