epoch,train_loss
0,0.87974
1,0.50983
