epoch,train_loss
0,0.87972
1,0.50973
