epoch,train_loss
0,0.83037
1,0.45196
