epoch,train_loss
0,0.83031
1,0.45371
