epoch,train_loss
0,2.88871
1,0.95056
