epoch,train_loss
0,2.87041
1,0.85149
