epoch,train_loss
0,0.78984
1,0.39737
