epoch,train_loss
0,0.78681
1,0.39345
