epoch,train_loss
0,0.69057
1,0.42324
