epoch,train_loss
0,0.69009
1,0.42239
